Production expense,Time_taken,Avg_age_actors,Twitter_hastags,Marketing expense,Budget,Collection,Trailer_views,Movie_length,Lead_ Actor_Rating,Genre_Comedy,Genre_Drama,Genre_Thriller,3D_available
0.1286656891495599,0.39015691868758917,0.9824561403508771,0.5849056603773588,-0.34140868768512367,-1.0151800137256608,0.029238000649907527,0.1379004790011487,-0.22712331942187006,0.8569441628963385,0,0,1,1
0.3713343108504399,0.47860199714693274,0.40350877192982454,0.9589697514225815,-0.4077931498899895,-0.5568232949060855,0.008052610160510593,0.09983596466714238,-1.6759379365633105,-0.1735656198850676,0,1,0,0
0.12060117302052764,0.25178316690442226,0.6140350877192982,0.6166516921233904,-0.4206453176847384,1.607562057102964,2.2748893925259828,1.0920344556437198,-1.2502368515266895,-1.3389084583574993,0,1,0,1
0.1092375366568914,0.9379457917261055,0.6491228070175439,0.2309074573225518,-0.41307884811225154,1.2253673308364907,1.4698445539288991,0.9585900614031012,-1.5328451348703287,-1.3870631211042939,0,1,0,0
0.6466275659824046,0.7967189728958629,0.9473684210526316,0.9502845163222522,0.026059890793336992,-0.678682482991048,-0.6063237140320005,-0.15061454963003704,0.7101345316671597,0.9147297581924926,1,0,0,1
0.6466275659824046,0.6790299572039943,0.9122807017543859,0.7586103623839475,0.49563227422413125,-0.13862471761451048,-0.9241045713729545,-0.17311516606637156,0.8389180531908431,0.9580689546646077,0,0,1,1
1.0,0.13124108416547797,0.43859649122807015,0.7607067984426477,-0.4062598939171196,-1.1619649448280014,-0.775806837947176,-0.5560482606891449,0.8424953732331674,0.8569441628963385,0,1,0,0
0.6466275659824046,0.2599857346647646,0.6842105263157894,0.7473794549266246,0.6306724136795476,-0.6108290714437394,-1.7185567147253396,-2.60460988912493,0.30947468692681135,1.0495628138835182,1,0,0,1
0.10813782991202325,0.3716119828815977,0.9649122807017545,0.9589697514225815,-0.4173048583421838,0.17156230660175759,0.008052610160510593,0.7829570113443554,-0.10907175802516075,0.35613567032967397,0,0,1,1
0.6466275659824046,0.7788873038516405,0.9473684210526316,0.7705899970050913,-0.12301952184302532,-0.7354577865306331,-0.07668895179707715,0.4728740343156469,-1.0320203289448926,-0.25542854655461855,0,1,0,0
0.06304985337243396,0.6340941512125534,0.9122807017543859,0.23060796645702308,-0.41494657474402313,1.1824396623065603,1.448659163439502,1.1953857326945518,-0.5347728430617811,-1.098135144623526,0,0,0,0
0.03702346041055704,0.4868045649072753,0.3684210526315789,0.6030248577418391,-0.4189336773604542,0.9442603401404975,1.310954125258422,1.269722289975473,-1.9263503395260284,-1.9697345403405102,0,0,0,1
0.6466275659824046,0.18437945791726118,0.42105263157894735,0.5808625336927224,0.9660509215125276,-0.8033111980779417,-0.2567647709569511,-0.1682040859245032,-0.445339842003668,0.4139212656258281,1,0,0,1
0.0905425219941347,0.27710413694721814,0.3684210526315789,0.5973345312967957,-0.41995620194623934,0.7019267274715381,0.9084317059598803,0.7948776747154186,-2.1195256218115532,-1.2425991328639103,1,0,0,0
0.6466275659824046,0.4700427960057062,0.7543859649122806,0.1916741539383049,1.474828575224676,-0.09708181258554564,-1.3054416001820994,-1.3956535167532491,1.1036397363228594,1.155503071926466,0,0,1,1
0.06524926686216981,0.7457203994293865,0.7894736842105263,0.5844564240790657,-0.41541271004325436,0.07185933453224304,-0.002540085084187874,0.987342468287096,-1.7546389774944504,-1.9841809391645484,1,0,0,0
0.10813782991202325,0.41119828815977166,0.4912280701754385,0.9681042228212038,-0.4166486587637672,1.0882757442409081,0.6542070200871171,0.96096545031445,-0.21639135929489703,0.10573142404634171,0,1,0,0
0.2536656891495601,0.6490727532097004,0.6491228070175439,0.5813117699910155,-0.3849939308806664,-0.34910876976126404,-0.22498668522285567,0.6127013754468837,-0.6885976048817363,-0.5058327928379508,0,0,0,1
0.17338709677419328,0.5071326676176892,0.40350877192982454,0.7687930518119195,-0.4187680347484267,-0.324183026743884,-0.20380129473345876,0.2459005233079331,-1.139339930214629,-0.4962018602885921,0,0,0,0
0.0905425219941347,0.7157631954350926,0.9824561403508771,0.7815214135968855,-0.42075043703467885,0.4305130812823037,0.6965778010659109,1.1021917935039045,-1.8011441380446693,-1.2666764642373072,1,0,0,1
0.17338709677419328,0.5353067047075607,0.3157894736842105,0.3912848158131179,-0.41904941482655034,-0.5512842409022242,-0.42624789487212655,0.05100204907248113,-0.341597560776256,-0.9536711563831414,0,0,1,1
0.20637829912023453,0.5338801711840228,0.5438596491228069,0.7875112309074572,-0.4116602677938622,0.9539536846472564,1.1202856108538497,1.421863763806647,-1.840494658510239,-0.9295938250097445,0,1,0,1
0.7008797653958942,0.8573466476462196,0.3333333333333333,0.024857741838874015,-0.2311225624232779,-0.5762099839196024,0.1351649530968922,0.2815605028543778,0.3595571675193541,0.5728316526902498,0,1,0,1
0.6466275659824046,0.837018544935806,0.3684210526315789,0.21099131476489963,1.0135245188442543,-3.3651236748640847,0.06101608638400293,0.24842164160034624,1.1036397363228594,1.1314257405530683,0,0,1,1
0.2382697947214074,0.17011412268188308,0.42105263157894735,0.956723569931117,-0.3905132276583519,-0.6052900174398772,-0.15083781850996641,-0.011734449475718415,-0.967628568183051,-0.3758152034216053,0,1,0,0
0.6466275659824046,0.26497860199714707,0.6491228070175439,0.9441449535789157,0.9962806982075457,-0.5623623489099477,-1.0406242190646378,-0.42809786411465206,0.9140417740796583,0.909914291917814,0,1,0,1
0.04508797653958929,0.05599144079885876,0.736842105263158,0.02530697813716687,-0.413836981605762,0.39589399375816664,0.1669430388309876,1.1504719374505215,-1.1894224108071723,-3.4191898890190306,0,0,1,1
0.1092375366568914,0.7186162624821683,0.2982456140350877,0.7902066486972148,-0.4133910207272265,1.2350606753432496,1.310954125258422,1.0388578044933412,-1.0821028095374359,-0.45767813009115627,0,0,1,0
0.7008797653958942,0.5502853067047077,0.9298245614035088,0.9591194968553458,-0.1841819945225628,-0.6080595444418083,0.01864530540520906,0.26905692195905717,0.8102994928522473,0.5632007201408911,0,1,0,0
0.0,0.5228245363766048,0.40350877192982454,0.8128182090446241,-0.42081202210838137,2.190547491009432,2.9104511072078907,1.4150144828966227,-1.3289378924578297,-0.9295938250097445,1,0,0,1
0.9233870967741933,0.69151212553495,0.8421052631578947,0.015124288709194467,-0.40631086087466656,-0.6052900174398772,-0.5533602378085082,-1.6759348353542995,0.9963201350531231,0.799158567600186,0,0,1,0
0.10520527859237516,0.5777460770328101,0.7894736842105263,0.7909553758610361,-0.4183443719138179,0.9345669956337387,1.3639176014819143,1.4164863496453726,-1.1429172502569533,-0.8043917018680784,1,0,0,1
0.6466275659824046,0.3363052781740371,0.4912280701754385,0.9441449535789157,0.07346340855843664,-0.4391183973240197,-1.0406242190646378,-1.1631131433888775,0.6707840112015899,0.5920935177889689,1,0,0,1
0.21041055718475077,0.5381597717546361,0.9824561403508771,0.025606469002695587,-0.36525910019385205,-0.4321945798191919,0.18812842932038454,0.46000612996766543,-0.03752535717866991,-0.04354803046872125,0,0,1,1
0.17338709677419328,0.6911554921540656,0.5438596491228069,0.20964360587002084,-0.4168811955075751,0.03170119300424375,-0.034318170818283276,1.27324894099723,-1.1107213698760328,-1.3870631211042939,1,0,0,0
0.49230205278592365,0.15905848787446508,0.3157894736842105,0.5852051512428871,-0.410147186241688,0.11063271255927677,0.05042339113930446,0.03664770503764338,0.8317634131061944,0.11054689032102194,0,0,1,1
0.6466275659824046,0.1226818830242512,0.6842105263157894,0.20305480682839216,0.4535133928696782,1.5230914835440688,-0.5003967615850158,-0.6170651525407853,1.078598496026588,0.5343079224928149,0,0,1,1
0.08137829912023453,0.6476462196861626,0.8421052631578947,0.9999999999999998,-0.4201452044138092,2.4107248876629446,2.9104511072078907,0.9905630876086181,-1.332515212500154,-0.7369751740225656,0,0,1,1
0.9233870967741933,0.45863052781740377,0.3508771929824561,0.022162324049116666,-0.4149529456137165,-0.5859033284263613,-0.05550356130768021,0.09361332009569495,0.019711763498522574,0.7124801746559557,0,0,1,1
0.6466275659824046,0.012125534950071293,0.43859649122807015,0.38125187181790987,0.7108657359447829,0.22972237364230907,-1.135958476266924,-1.5553000537092367,0.9176190941219836,0.8087895001495448,0,0,0,0
0.281524926686217,0.5517118402282454,0.38596491228070173,0.9447439353099731,-0.299987416562094,-0.8199283600895274,-0.9982534380858438,-0.7935434330097043,0.9247737342066323,0.038314896200828855,0,0,1,0
0.21810850439882667,0.18081312410841666,0.6140350877192982,0.032794249775382145,-0.4138072508805263,0.261571934164515,0.6965778010659109,0.8018289661921878,-1.3253605724155053,-0.16393468733570887,0,0,1,1
0.785557184750733,0.2985021398002853,0.6491228070175439,0.20200658879904165,-0.3848675752984147,0.2227985561374813,-0.5745456282979051,-0.09525195776369323,1.046402615645667,0.8328668315229425,0,0,1,0
0.6466275659824046,0.031027104136947314,0.6842105263157894,0.7560646900269539,0.5966052498058926,0.15356038108920717,-1.1041803905328285,-1.3171636721119941,1.1036397363228594,1.0688246789822358,0,0,1,0
0.29692082111436946,0.7813837375178315,0.3684210526315789,0.9663072776280319,-0.40649349247254296,0.6008389919010579,0.5270946771507354,0.3152385628183474,0.38459840781562654,0.37539753542839144,0,1,0,1
0.7008797653958942,0.36447931526390887,0.38596491228070173,0.5741239892183285,0.012788307410441584,-1.1425782558144846,-0.7334360569683821,-2.0492206449506134,1.1036397363228594,1.0784556115315944,0,0,1,1
0.6466275659824046,0.9864479315263909,0.9473684210526316,0.4384546271338723,0.45554782392509274,-0.5789795109215335,2.9104511072078907,0.22538182645407365,0.7315984519211067,1.3240443915402482,1,0,0,0
0.4534457478005862,0.13552068473609136,0.43859649122807015,0.021263851452530957,-0.41217843186225595,-0.009841712024719288,-0.11905973277587101,0.6884369347860227,-0.8638862869556391,-0.45767813009115627,0,0,0,0
0.785557184750733,0.4989300998573466,0.631578947368421,0.7578616352201257,-0.3957543297927604,-0.6039052539389126,-0.9770680475964468,-1.006118881168261,1.0392479755610173,0.9580689546646077,0,1,0,1
0.16129032258064502,0.2125534950071325,0.894736842105263,0.779874213836478,-0.41791115277466906,0.6008389919010579,0.5800581533742278,0.7370231104328746,-1.2752780918229616,-0.7803143704946808,0,0,1,0
0.7008797653958942,0.8049215406562052,0.894736842105263,0.3921832884097036,-0.17658579422484025,-0.5720556934167057,-0.36269172340393574,0.30425056748609597,1.0070520951800972,0.6065399166130062,0,0,1,0
0.20161290322580627,0.3980028530670471,0.631578947368421,0.9550763701707095,-0.41193209156744587,-0.6260614699543596,-0.2673574662016496,0.36450966655620165,-0.27720580001441386,0.2357490134626872,1,0,0,1
0.281524926686217,0.7171897289586305,0.3508771929824561,0.3852949985025458,-0.2784326407662082,-0.30618110123133363,-0.8499557046600652,-0.19111274462781788,1.1036397363228594,-0.24579761400525982,0,0,1,1
0.20161290322580627,0.7507132667617687,0.7017543859649122,0.20470200658879922,-0.41546473881241686,-0.4986632278655349,-0.3838771138933327,0.3870102829925362,-0.03394803713634557,0.09128502522230275,0,1,0,1
0.2536656891495601,0.268901569186876,0.7894736842105263,0.5864031147050015,-0.4044824212726707,0.18402517811044758,0.1351649530968922,0.8958389899167953,-0.6027419238659476,-0.4143389336190411,0,1,0,1
0.6466275659824046,0.8434379457917262,0.7017543859649122,0.39338125187181805,-0.08636366125063279,-0.7396120770335297,-0.27795016144634804,-0.2638317057789249,-0.7494120456012536,0.29835007503351985,1,0,0,1
0.21041055718475077,0.3980028530670471,0.2982456140350877,0.6256364180892484,-0.3663283444907218,3.367596466830092,2.9104511072078907,1.0460131171036005,0.4954953291276872,0.3609511366043542,0,0,1,0
0.6466275659824046,0.7724679029957203,0.8596491228070176,0.19886193471099145,5.007380257150303,-0.7423816040354608,-0.7969922284365729,0.3590010959519695,1.1036397363228594,1.054378280158197,1,0,0,1
0.6466275659824046,0.7032810271041369,0.47368421052631576,0.18478586403114705,2.2371456065004502,-0.42388599881339856,-1.792705581438229,-2.0467286725344134,1.1036397363228594,1.0351164150594794,0,0,0,1
0.6466275659824046,0.6790299572039943,0.7719298245614035,0.19706498951782003,0.43309475550244253,-1.1993535593540696,-0.9241045713729545,-0.4540085480678922,0.9390830143759307,0.6113553828876864,0,0,0,1
0.06304985337243396,0.29493580599144076,0.9122807017543859,0.04327643006888304,-0.4164224928896528,1.3056836138924892,1.4380664681948037,1.1148848225946089,-1.0034017686062964,-0.10614909203955473,0,0,1,0
0.2052785923753666,0.26283880171184026,0.3157894736842105,0.7635519616651691,-0.4169449042045087,-0.8130045425846997,-0.5745456282979051,0.011407376237299212,-1.457721413981513,-1.3437239246321788,0,0,0,0
0.27162756598240434,0.7507132667617687,0.736842105263158,0.7662473794549267,-0.4042233392384738,-0.4003450192969859,-0.3838771138933327,-0.5451477029855322,0.5992376103550991,-1.3437239246321788,0,0,1,1
0.6466275659824046,0.6697574893009984,0.8421052631578947,0.5825097334531295,-0.032203836175719314,0.026162139000383337,-0.14024512326526795,0.23414016225604065,-0.6170512040352454,-0.0724408281167983,0,0,1,0
0.1638563049853372,0.5410128388017118,0.6666666666666667,0.5808625336927224,-0.41101043908513896,-0.27433154070912763,-0.2567647709569511,0.19728520178486839,-0.1448449584484062,-1.2281527340398712,0,1,0,0
0.07331378299120228,0.521398002853067,0.736842105263158,0.2207247678945794,-0.41585760911017433,-0.19401525765312908,0.7495412772894033,0.20704907031617933,-0.012484116882397495,0.21648714836396973,0,0,1,1
0.6466275659824046,0.5870185449358057,0.3333333333333333,0.5852051512428871,0.1961217627647977,-0.0707713060672019,0.05042339113930446,0.3256144947501286,-0.15915423861770456,0.19240981699057205,0,0,0,0
0.1286656891495599,0.5816690442225391,0.5789473684210527,0.7926025756214432,-0.3638713124123139,1.2641407088635246,1.4804372491735975,0.7863379329850482,0.8031448527675976,0.9243606907418513,0,0,1,0
0.281524926686217,0.6690442225392296,0.8245614035087718,0.39502845163222555,-0.31583707854757115,0.5274465263498872,-0.16143051375466488,0.254017649833217,0.6493200909476429,-0.31321414185077184,0,1,0,1
0.6466275659824046,0.7507132667617687,0.40350877192982454,0.9459418987720876,1.2010192139199933,0.4928274388257501,-0.913511876128256,-1.2689563928559096,0.8639592934871154,1.073640145256916,0,0,1,0
0.21041055718475077,0.18972895863052786,0.5438596491228069,0.03653788559448956,-0.37849139654697167,1.2045958783220074,0.9613951821833726,0.8321552503916775,0.38459840781562654,0.27427274366012383,1,0,0,0
0.21041055718475077,0.7457203994293865,0.8245614035087718,0.4047619047619049,-0.3560680588495571,0.8113230440478115,0.5270946771507354,0.31169733885848383,0.305897366884486,0.22611808091332847,1,0,0,0
1.0,0.6480028530670469,0.9473684210526316,0.5808625336927224,-0.4104582970450473,-0.4294250528172608,-0.2567647709569511,-0.21269526596344704,0.5133819293393099,0.7847121687761471,0,0,1,1
0.21041055718475077,0.6772467902995719,0.3508771929824561,0.24872716382150384,-0.3870825143284746,2.7056795133685916,2.7303752880480165,1.171967021157512,0.044753003794794986,0.028683963651470117,0,1,0,1
0.02895894428152479,0.3548502139800286,0.9122807017543859,0.9594189877208745,-0.4156834720052224,0.27265004217223765,0.03983069589460599,1.1835962257664465,-0.8853502072095861,-2.4657275666324954,0,0,0,0
0.33834310850439864,0.1726105563480741,0.894736842105263,0.7631027253668761,-0.39845345491951606,-0.36849545877477996,-0.6063237140320005,-0.09490220724913881,0.3774437677309769,0.5969089840636475,0,1,0,1
0.09200879765395875,0.4593437945791726,0.47368421052631576,0.41179994010182663,-0.4213163826257728,1.1007386157495962,1.0249513536515635,0.5799997023360453,-1.7295977371981786,-1.7145148277824978,0,1,0,1
0.281524926686217,0.5249643366619116,0.42105263157894735,0.5741239892183285,-0.3426149056804008,-0.5111260993742249,-0.7334360569683821,-0.5140636260045078,0.8925778538257112,-0.39026160224564344,0,0,1,0
0.23643695014662724,0.6697574893009984,0.8771929824561404,0.3953279424977538,-0.4092510172381546,-0.3103353917342303,-0.14024512326526795,0.3284707906189897,-1.0427522890718661,-0.9295938250097445,0,1,0,1
0.34604105571847477,0.35449358059914415,0.7017543859649122,0.39023659778376785,-0.388484105661015,-0.5249737343838805,-0.5003967615850158,-0.8976525028420708,0.5026499692123358,-0.15430375478634928,0,1,0,0
0.6466275659824046,0.7086305278174038,0.9649122807017545,0.9507337526205448,0.6102463436310032,0.15632990809113828,-0.5745456282979051,-1.1091932723950706,1.0034747751377717,0.7461884385787121,0,0,1,0
0.9233870967741933,0.5099857346647646,0.3333333333333333,0.7699910152740339,-0.4043316440232611,-0.4252707623143641,-0.11905973277587101,-0.08239862635381821,0.6886706114132127,0.8424977640723013,0,0,1,1
0.6466275659824046,0.5798858773181169,0.736842105263158,0.380053908355795,0.35996991316199617,-0.13862471761451048,-1.2207000382245117,-1.3566709073185375,0.3202066470537844,0.8473132303469797,1,0,0,1
0.1092375366568914,0.15905848787446508,0.9122807017543859,0.22581611260856538,-0.412649876219565,0.911026016117326,1.109692915609151,0.9143466213119668,-1.7045564969019067,-1.2811228630613452,0,0,1,0
0.21041055718475077,0.7906562054208272,0.631578947368421,0.4086552860137769,-0.357008823940944,0.4498997702958197,0.8025047535128956,0.5889766322096088,0.4167942881965476,0.1827788844412133,1,0,0,1
0.21041055718475077,0.6180456490727532,0.3508771929824561,0.21638215034441433,-0.3842559718078516,0.911026016117326,0.44235311519314774,0.4495719062834585,0.692247931455537,0.4091057993511479,0,1,0,1
0.6466275659824046,0.5699001426533524,0.631578947368421,0.9598682240191672,-0.04335179632749294,0.1992575766210687,0.07160878162870139,-0.4064133322122778,0.20930972574172374,0.40429033307646933,0,0,1,0
0.7008797653958942,0.6451497860199714,0.7543859649122806,0.5871518418688229,-0.27969407296549453,-0.3144896822371269,0.18812842932038454,0.49464600384665974,1.1036397363228594,0.9243606907418513,0,1,0,0
0.1286656891495599,0.49072753209700426,0.9649122807017545,0.979035639412998,-0.3518261214453914,1.4400056734861408,1.4274737729501052,0.40559077907823987,1.1036397363228594,0.8087895001495448,0,0,0,0
0.1286656891495599,0.677960057061341,0.7017543859649122,0.9902665468703205,-0.3648874661284057,1.6297182731184112,2.22192591630249,1.5905892412029428,-0.5920099637389741,0.341689271505635,0,0,0,0
0.34604105571847477,0.25962910128388017,0.9649122807017545,0.387840670859539,-0.39535508862530944,-0.8143893060856652,-0.6698798855001913,0.4803353786261413,0.305897366884486,-0.06762536184211894,0,0,1,0
0.1286656891495599,0.36269614835948627,0.6491228070175439,0.22147349505840075,-0.3525545242136662,0.7600867945120877,0.8025047535128956,0.5001545744508918,1.1036397363228594,0.8087895001495448,0,0,1,0
0.281524926686217,0.032453637660485035,0.9298245614035088,0.2026055705300991,-0.33901111705718723,-0.4197317083105037,-0.5321748473191112,-0.26515784314661045,0.4489901685774677,-0.32766054067481076,0,0,1,1
0.7008797653958942,0.2895863052781741,0.3684210526315789,0.19826295297993446,-0.17077556106449118,-1.8931200733377767,-0.8393630094153668,-2.3776363781172165,0.9498149745029036,1.0158545499607619,0,0,0,1
0.2536656891495601,0.485734664764622,0.736842105263158,0.9619646600778673,-0.40190646629332005,0.19094899561527534,0.21990651505447995,1.2283934375056254,-1.9478142597799755,-0.7851298367693601,0,0,1,0
0.6466275659824046,0.13659058487874465,0.7894736842105263,0.5757711889787365,0.7549946266874925,0.16325372559596604,-0.616916409276699,-0.26451663386992735,1.1036397363228594,0.9388070895658903,0,1,0,1
0.34604105571847477,0.6355206847360911,0.5263157894736843,0.7702905061395631,-0.3936753026494921,-0.037536982044030394,-0.09787434228647408,0.36892526680245125,0.4883406890430385,0.24056447973736741,0,0,1,1
0.7008797653958942,0.0,0.6842105263157894,0.5708295896975144,-0.06964543736362681,-1.2325878833772412,-0.9664753523517484,-1.7493678704726219,1.1036397363228594,1.2229195997719788,0,0,0,0
0.20161290322580627,0.5199714693295293,0.3157894736842105,0.02545672356993145,-0.4036913716190778,-0.4529660323336752,0.17753573407568607,0.7087078916920728,-1.3933296532196713,-0.13022642341295243,1,0,0,1
0.20637829912023453,0.833095577746077,0.3157894736842105,0.39652590595986825,-0.41852275626523217,0.41112639226878595,-0.05550356130768021,0.11009531309407211,-1.0284430089025678,-0.8429154320655142,0,1,0,1
0.6466275659824046,0.5684736091298145,0.8245614035087718,0.9442946990116801,0.5748296171939702,-0.922400859160973,-1.0300315238199391,-1.6738071863907602,0.8854232137410625,0.9676998872139665,0,0,0,1
0.16458944281524923,0.49964336661911546,0.8771929824561404,0.2190775681341719,-0.41855991967177675,0.7863973010304333,0.6330216295977201,1.7082948622886125,-1.4756080141931356,-0.6454813148036559,0,0,0,0
0.6466275659824046,0.05884450784593431,0.5789473684210527,0.39338125187181805,0.03948118961402647,-0.17462856863961312,-0.27795016144634804,-0.7305300486374825,0.5312685295509326,0.31761194013223903,1,0,0,1
0.1898826979472139,0.6954350927246792,0.6666666666666667,0.2114405510631927,-0.41698950029236226,-0.40865360030277925,0.09279417211809833,0.6915846894170125,-1.708133816944231,-1.4496641826751273,1,0,0,1
0.6466275659824046,0.8737517831669045,0.7543859649122806,0.3836477987421387,0.7627458514810871,0.46513216880644076,-0.9664753523517484,-1.612090793510011,0.9104644540373339,0.8328668315229425,0,0,1,1
0.7008797653958942,0.21825962910128383,0.6842105263157894,0.2057502246181493,-0.26339738828986625,-1.2312031198762756,-0.3097282471804434,0.2516276879837618,1.1036397363228594,0.9725153534886467,0,0,1,1
0.6466275659824046,0.5378031383737517,0.456140350877193,0.01048218029350112,0.32338837938269294,-0.39757549229505484,-0.8817337903941607,-0.21040731468073687,0.9355056943336063,0.9147297581924926,0,0,0,0
0.6466275659824046,0.6800998573466474,0.8596491228070176,0.571877807726864,0.5682952285118086,-0.1497028256222331,-0.8923264856388591,-0.4800212425878774,1.05713457577264,0.6980337758319167,1,0,0,0
0.6466275659824046,0.713623395149786,0.3333333333333333,0.7506738544474396,0.3923456111320629,-0.7562292390451155,-1.4855174193419733,-0.9433386638057423,1.0642892158572896,1.0351164150594794,1,0,0,0
0.7008797653958942,0.024607703281027127,0.7543859649122806,0.012129380053908623,-0.302656810963614,-1.7740304122547452,-0.7652141427024776,0.08417005620272554,0.6743613312439143,0.9917772185873641,0,0,0,0
0.34604105571847477,0.8626961483594865,0.8421052631578947,0.20679844264749936,-0.385178686101774,-0.44465745132788187,-0.23557938046755414,0.6109671958122181,0.27012416646124054,0.23093354718800868,0,0,1,1
0.6466275659824046,0.45649072753209696,0.9122807017543859,0.20844564240790686,0.41010971946039615,-0.11646850159906161,-0.11905973277587101,0.10970184376519838,-0.13411299832143214,0.3465047377803152,0,0,1,1
0.6466275659824046,0.32596291012838796,0.894736842105263,0.7601078167115902,0.17938336445709616,-0.10262086658940786,-0.8181776189259699,-0.8166415399084026,1.1036397363228594,0.8665750954456989,0,0,1,1
0.785557184750733,0.6626248216833096,0.38596491228070173,0.5795148247978437,-0.38617041815070785,0.22833761014134352,-0.35209902815923727,0.2532161382373631,1.0642892158572896,0.726926573479993,0,0,0,1
0.6466275659824046,0.4482881597717544,0.5789473684210527,0.7590595986822402,0.08233378279483218,0.3211167647060303,-0.8923264856388591,-0.5916790943593768,0.6207015306090462,0.6113553828876864,1,0,0,1
0.6466275659824046,0.25213980028530647,0.456140350877193,0.7590595986822402,0.6461483179763475,0.7476239230033995,-0.8923264856388591,-0.882962981230785,0.8997324939103609,0.8569441628963385,0,1,0,1
0.08907624633431066,0.1793865905848787,0.8771929824561404,0.4215333932315064,-0.4094485141986489,2.459191610196735,1.7134765445569637,1.3727383894498568,0.24508292616496918,0.08646955894762424,0,0,1,0
0.6466275659824046,0.4978601997146931,0.42105263157894735,0.3830488170110813,0.37684209973325844,0.17156230660175759,-1.0088461333305423,-0.7192505945431024,1.0428252956033426,0.6643255119091603,0,1,0,1
0.4934017595307916,0.6358773181169758,0.3508771929824561,0.2088948787061995,-0.4135725905134874,-0.39342120179215817,-0.08728164704177561,0.46413027145178637,-0.9604739280984018,-0.7995762355933982,0,1,0,0
0.1286656891495599,0.48716119828815974,0.6842105263157894,0.9999999999999998,-0.36086957097512334,2.7749176884168656,2.9104511072078907,0.6705122209151085,-0.07687587764423967,0.616170849162365,1,0,0,1
0.19794721407624616,0.6640513552068473,0.9473684210526316,0.4079065588499551,-0.413549230657945,0.9193345971231194,0.7495412772894033,1.233945726924177,-2.2304225431236144,-2.5524059595767254,1,0,0,0
0.4934017595307916,0.416904422253923,0.6842105263157894,0.20679844264749936,-0.40730365473521596,-0.6966844085035994,-0.23557938046755414,-0.6358642426980855,-0.3988346814534485,-1.290753795610705,0,1,0,1
0.6466275659824046,0.4575606276747505,0.5964912280701755,0.19392033542976983,1.0550625892449954,-0.11785326510002717,-1.1465511715116223,-0.4246295048453207,0.9247737342066323,0.6932183095572365,1,0,0,1
0.3713343108504399,0.12803138373751788,0.631578947368421,0.7668463611859841,-0.38237762705992445,-1.2312031198762756,-0.3415063329145388,-1.4865449317230799,0.6958252514978613,-0.053178963018079985,1,0,0,1
0.06304985337243396,0.9629101283880172,0.3508771929824561,0.4135968852949985,-0.41431161139791767,1.560480098070137,1.152063696587945,0.7078043695294739,0.09841280442966313,0.27427274366012383,0,0,0,1
0.19794721407624616,0.713623395149786,0.9824561403508771,0.016921233902366106,-0.40196274230894474,-0.9528656561822135,-0.42624789487212655,-0.6337948854869718,0.03759836371014529,-2.1190139948555733,0,0,0,1
0.6466275659824046,0.88623395149786,0.9649122807017545,0.7707397424378557,-0.029731938734693625,-1.8418838238020536,-0.06609625655237868,-0.4585261588808868,0.795990212682949,0.8665750954456989,0,0,0,0
0.21810850439882667,0.9593437945791726,0.47368421052631576,0.41209943096735535,-0.4162855191912454,0.6437666604309884,1.0461367441409604,0.8858419543757814,-1.2967420120769086,-0.15430375478634928,0,0,1,1
0.2382697947214074,0.9176176890156919,0.456140350877193,0.7689427972446843,-0.4126530616544116,-0.5166651533780872,-0.1932085994887603,-0.09606804229765356,-0.2736284799720895,-0.16393468733570887,0,0,1,0
0.08907624633431066,0.8380884450784595,0.7543859649122806,0.780473195567535,-0.40932003499316605,0.4595931148025786,0.6224289343530217,0.5799997023360453,-0.4059893215380972,0.14907062051845688,1,0,0,1
0.7008797653958942,0.5406562054208274,0.5964912280701755,0.9999999999999998,-0.2088340748010396,2.2653247200615683,2.9104511072078907,0.998009858981006,0.9677015747145264,0.8521286966216599,0,0,1,0
0.34604105571847477,0.052425106990014236,0.8771929824561404,0.023809523809523947,-0.3795914333806927,0.12309558406796677,0.06101608638400293,0.4213295522331889,-0.06972123755959099,0.038314896200828855,0,1,0,1
0.281524926686217,0.784950071326676,0.6491228070175439,0.19661575321952696,-0.25102728296858207,-0.2729467772081621,-0.9558826571070499,-1.0546759109389001,0.9927428150107988,-0.09170269321551663,0,1,0,0
0.1286656891495599,0.15085592011412274,0.6666666666666667,0.035190176699610776,-0.3388518453148531,0.9982661166781506,0.8660609249810864,-0.12828880845097973,0.5527324498048797,0.799158567600186,1,0,0,1
0.6466275659824046,0.36233951497860206,0.6140350877192982,0.7454327643006888,6.789631053869231,-0.8448541031069066,-1.8562617529064196,-1.5563784511291128,1.1036397363228594,1.1314257405530683,0,0,1,1
0.785557184750733,0.07346647646219673,0.43859649122807015,0.010182689427972624,-0.3913902840528051,-0.16493522413285422,-0.9029191808835576,-1.3765629678338203,0.8746912536140885,0.9725153534886467,1,0,0,1
0.27162756598240434,0.1305278174037091,0.456140350877193,0.19886193471099145,-0.39839930252712247,0.11617176656313899,-0.7969922284365729,-1.1632880186461547,0.8997324939103609,-1.33409299208282,0,0,1,1
0.11656891495601163,0.4547075606276748,0.4912280701754385,0.9564240790655882,-0.418511076337461,-0.5775947474205679,-0.17202320899936335,0.15414930498982293,-1.7904121779176958,-2.576483290950123,0,0,1,1
0.1440615835777126,0.33559201141226824,0.40350877192982454,0.5769691524408509,-0.41897296439023,-0.3864973842873322,-0.5321748473191112,0.6555458134798006,-0.7386800854742801,-2.0997521297568555,0,0,1,1
0.06524926686216981,0.4835948644793152,0.5789473684210527,0.21982629529799325,-0.41637364955533696,1.0356547312042188,0.6859851058212125,1.0977616203195486,-2.115948301769229,-1.9071334787696768,1,0,0,0
0.24230205278592365,0.36804564907275317,0.6842105263157894,0.3959269242288108,-0.4193785764273742,0.1771013606056198,-0.09787434228647408,0.650459858080655,0.3488252073923811,-0.5347255904860279,0,1,0,0
0.21041055718475077,0.2724679029957203,0.7719298245614035,0.43066786463012874,-0.3887962782759899,2.731990019886935,2.35963095448357,1.4535016124357156,0.32736128713843404,0.44281406327390427,1,0,0,0
0.6466275659824046,0.5909415121255347,0.9473684210526316,0.3921832884097036,0.18207824233738965,-0.24802103419078392,-0.36269172340393574,-0.19660674229394362,0.3810210877733022,0.1587015530678156,0,0,1,0
0.6466275659824046,0.5973609129814551,1.0,0.005540581012279278,1.2632838470564831,0.34881203472533956,-1.23129273346921,-0.9700217134786234,1.0714438559419384,1.0110390836860816,0,0,1,0
0.350073313782991,0.2500000000000001,0.631578947368421,0.3912848158131179,-0.40716774284842416,-0.05415414405561524,-0.42624789487212655,-0.049114035718722325,0.5384231696355812,0.6450636468104428,1,0,0,1
0.34604105571847477,0.18188302425106995,0.40350877192982454,0.5798143156633724,-0.3944918357818584,-0.3740345127786422,-0.33091363766984033,0.37457956678774773,0.7602170122597035,0.4235521981751868,1,0,0,0
0.6466275659824046,0.3042082738944364,0.7543859649122806,0.9606169511829885,0.18382279882175612,0.6326885524232639,0.12457225785219374,0.566097119382507,0.2057324056993994,0.21167168208928952,0,0,0,0
0.7008797653958942,0.38730385164051373,0.7894736842105263,0.9505840071877809,-0.27215414868339677,-0.22724958167630058,-0.5851383235426035,-0.13722201951022395,0.9605469346298777,1.0158545499607619,0,0,1,0
0.6466275659824046,0.4012125534950072,0.6842105263157894,0.19272237196765496,3.576705904459738,-0.12616184610582049,-1.23129273346921,-0.14361953933894858,0.34167056730773143,0.8713905617203774,0,0,1,0
0.6466275659824046,0.4900142653352352,0.8596491228070176,0.7690925426774482,-0.03172071189063907,-1.2893631869168263,-0.18261590424406182,0.015473225968994374,0.9677015747145264,0.7750812362267884,1,0,0,1
0.3713343108504399,0.288873038516405,0.4912280701754385,0.7744833782569633,-0.4078515495288454,-0.31725920923905804,0.198721124565083,-0.44548337927562814,-0.3594841609878788,-0.20245841753314467,0,0,1,0
0.6466275659824046,0.1636947218259629,0.7543859649122806,0.0106319257262657,0.1703261113763618,0.19787281312010313,-0.8711410951494621,-0.4538773916249343,0.6707840112015899,0.7413729723040319,0,1,0,1
0.20161290322580627,0.5085592011412269,0.3157894736842105,0.020664869721473744,-0.4137690256623661,-0.6135985984456706,-0.16143051375466488,0.4810931714076759,-0.989092488436998,-0.04836349674340147,0,1,0,1
0.3713343108504399,0.2817403708987162,0.2982456140350877,0.5843066786463014,-0.39921689747110434,-0.6731434289871867,-0.013132780328886342,-0.5043289033494097,-0.5490821232310794,0.10573142404634171,1,0,0,1
0.785557184750733,0.8416547788873038,0.7017543859649122,0.3851452530697814,-0.24934749699276473,-1.7643370677479873,-0.8605483999047637,-3.152421205483901,1.1036397363228594,1.0832710778062746,0,1,0,1
0.29692082111436946,0.3498573466476461,0.9649122807017545,0.02890086852351037,-0.4101397535603791,0.6756162209531943,0.4211677247037508,0.6129928342090125,0.07694888417571608,0.3513202040549954,0,0,1,1
0.7008797653958942,0.2510699001426534,0.3508771929824561,0.2120395327942497,-0.1780192399058475,0.03585548350714041,0.1351649530968922,0.35802470909883843,0.9641242546722021,0.7654503036774296,0,1,0,1
0.6466275659824046,0.6476462196861626,0.736842105263158,0.9475890985324946,1.6598386311200028,1.41231040346683,-0.7969922284365729,-0.12314456129940844,1.0285160154340443,1.0880865440809533,0,0,1,1
0.785557184750733,0.87018544935806,0.5964912280701755,0.015274034141958825,-0.3880200939850149,-0.4862003563568467,-0.5427675425638097,-0.8023163417497777,0.8711139335717641,0.7798967025014668,0,0,1,1
0.1315982404692082,0.8209700427960055,0.9824561403508771,0.02455825097334552,-0.41253307694185326,0.17017754310079203,0.11397956260749527,0.26284885032571614,0.534845849593257,0.4909687260206997,0,1,0,1
0.09127565982404673,0.29386590584878747,0.8070175438596492,0.40970350404312694,-0.4193445984556763,0.41805020977361373,0.8766536202257849,1.5104818004318736,-1.6938245367749332,-0.852546364614873,1,0,0,0
0.2536656891495601,0.4447218259629101,0.6491228070175439,0.7725366876310276,-0.40299694682250103,0.11478700306217343,0.06101608638400293,0.5103410581872895,-0.5311955230194567,-0.467309062640515,0,0,0,0
0.6466275659824046,0.7121968616262483,0.894736842105263,0.7575621443545975,2.0887149607611954,0.12032605706603565,-0.9982534380858438,-1.3066128649229358,0.9677015747145264,1.1362412068277485,0,1,0,0
0.17815249266862154,0.6825962910128386,1.0,0.7750823599880203,-0.41771577943740584,0.3765073047446489,0.24109190554387688,0.14042159729356185,-1.6544740163093627,-1.6615446987610238,0,0,1,0
0.19794721407624616,0.8099144079885875,0.4912280701754385,0.39427972446840376,-0.40140635302239086,-0.09292752208264898,-0.21439398997815723,0.5089274831909654,0.3595571675193541,-2.066043865834099,0,0,1,0
0.21041055718475077,0.8676890156918687,0.7017543859649122,0.807876609763402,-0.39061622338506125,1.9288271893269566,2.560892164132841,1.4278095225540721,-1.865535898806511,0.1587015530678156,1,0,0,1
0.1638563049853372,0.37553495007132665,0.7894736842105263,0.39907157831686146,-0.4135248089907871,0.26018717066354946,0.12457225785219374,1.0854183417433987,-1.8118760981716429,-1.1462898073703205,0,0,1,1
0.14772727272727249,0.12161198288159769,0.8245614035087718,0.21009284216831392,-0.41676970528794116,-0.38511262078636666,-0.002540085084187874,-0.18459864129424178,-0.8603089669133147,-0.356553338322887,1,0,0,1
0.23643695014662724,0.1283880171184023,0.736842105263158,0.5798143156633724,-0.39894295007428965,-0.9570199466851101,-0.33091363766984033,-0.39940374898308295,-0.2557418797604668,-1.0740578132501282,0,1,0,1
0.281524926686217,0.11412268188302421,0.631578947368421,0.7684935609463912,-0.3554097356479094,-0.47650701185008787,-0.22498668522285567,0.33619444781539987,-0.2628965198451155,-0.40470800106968235,0,1,0,1
0.29692082111436946,0.5934379457917259,0.7894736842105263,0.018867924528302105,-0.40868507164706064,0.2504938261567906,-0.2885428566910465,0.3548186627154229,0.9998974550954475,0.5583852538662125,1,0,0,0
0.6466275659824046,0.08808844507845925,0.456140350877193,0.9447439353099731,0.5032762560445541,0.24633953565389394,-0.9982534380858438,-0.3685965578260809,1.0607118958149653,0.8858369605444164,0,1,0,0
0.21041055718475077,0.7371611982881597,0.5789473684210527,0.9627133872416891,-0.3670025948666029,0.4679016958083719,0.2728699912779723,0.7681071874138988,0.2629695263765919,-0.27950587792801623,0,0,0,1
0.07331378299120228,0.5756062767475033,1.0,0.7975441749026653,-0.4152831690261559,2.038223505903228,1.829996192248647,0.9597121776372967,0.5062272892546612,0.43318313072454556,0,0,1,1
0.08907624633431066,0.2310984308131242,0.4912280701754385,0.6004791853848459,-0.4149943562667234,1.5549410440662748,1.1308783060985481,0.5128621764797026,-0.23785527954884408,0.023868497376791607,0,0,1,1
0.2382697947214074,0.5741797432239656,0.6491228070175439,0.5873015873015872,-0.41011002283514336,0.3391186902185807,0.198721124565083,0.7723624853409777,-0.3737934411571771,-0.06280989556743957,0,1,0,1
0.6466275659824046,0.13766048502139794,0.6491228070175439,0.3740640910452233,4.435095650711459,-2.4567188182307285,-1.6444078480124502,-3.446619679976596,1.1036397363228594,1.0303009487848007,0,1,0,1
0.281524926686217,0.5770328102710415,0.6666666666666667,0.3938304881701107,-0.337045703756784,-1.1591954178260704,-0.2461720757122526,-0.016077185031435827,-1.1643811705109008,0.038314896200828855,0,1,0,1
0.10520527859237516,0.7728245363766048,0.40350877192982454,0.4161425576519917,-0.3999399911813013,0.7185438894831248,1.332139515747819,0.8020621332018907,-1.3217832523731805,-0.2265357489065415,0,1,0,1
0.2056451612903225,0.638373751783167,0.6491228070175439,0.9511829889188379,-0.40788658931215893,-0.9680980546928346,-0.5427675425638097,0.173312718599784,-1.1572265304262517,-1.2666764642373072,0,0,1,1
0.05241935483870952,0.36768901569186874,0.6491228070175439,0.20110811620245594,-0.4196259785337999,0.3418882172205118,-0.6381017997660959,0.6584604011010874,-0.3380202407339317,-1.2425991328639103,0,0,1,1
0.1440615835777126,0.1383737517831668,0.7543859649122806,0.5765199161425578,-0.41573550077438487,-0.5471299503993275,-0.5639529330532066,0.14521609393057872,-0.6027419238659476,-2.0178892030873046,0,0,1,0
0.6466275659824046,0.8694721825962909,0.5789473684210527,0.5615453728661277,1.3628180678991593,-1.407068084498892,-1.6232224575230534,-2.64433571840307,1.035670655518693,1.1651340044758247,1,0,0,0
0.6466275659824046,0.1226818830242512,0.631578947368421,0.7646001796945197,0.5315427430624,-0.11231421109616493,-0.5003967615850158,-0.732526541158064,1.0106294152224216,0.8280513652482623,1,0,0,0
0.6466275659824046,0.6305278174037091,0.47368421052631576,0.9553758610362386,0.1958180846427473,0.30449960269444365,-0.2461720757122526,0.36450966655620165,0.7423304120480808,0.3946594005271106,0,1,0,1
0.10520527859237516,0.6155492154065622,0.38596491228070173,0.4324648098233006,-0.41577054055769835,1.8720518857873707,2.486743297419952,1.0954882419749448,-0.6957522449663854,-0.7610525053959633,0,0,1,0
0.21041055718475077,0.9383024251069899,0.5438596491228069,0.410751722072477,-0.36793168003021876,1.474624761010278,0.9508024869386742,1.2199702792801064,0.08768084430268909,-0.1735656198850676,0,0,1,0
0.12170087976539579,0.955064194008559,0.3508771929824561,0.22312069481880825,-0.4190409203336259,0.8043992265429837,0.9190244012045787,1.2457206609141758,-1.468453374108487,-1.362985789730897,0,0,1,1
0.6466275659824046,0.572039942938659,0.8596491228070176,0.37675950883498044,7.385657768032017,-0.4654289038423634,-1.4537393336078779,-0.9632015784448121,1.1036397363228594,0.9243606907418513,0,0,0,1
0.12170087976539579,0.6615549215406561,0.8596491228070176,0.9609164420485177,-0.41957819701109966,0.5579113233711276,0.14575764834159066,0.4483623524206245,-0.456071802130641,-1.0355340830526925,0,0,0,1
0.07331378299120228,0.7114835948644792,0.9298245614035088,0.9818808026355199,-0.4126127128130203,1.1935177703142847,1.628734982599376,1.454988052122572,0.8246087730215447,0.5583852538662125,0,1,0,0
0.1352639296187681,0.5160485021398004,0.7719298245614035,0.39817310572027576,-0.4202927962283722,0.30865389319734027,0.06101608638400293,0.525730080827684,-1.4827626542777848,-2.4031265050616617,1,0,0,1
0.9233870967741933,0.6494293865905848,0.8421052631578947,0.019916142557652172,-0.41240459773637045,-0.4598898498385012,-0.21439398997815723,-0.8912112641990269,0.8496500133178171,0.7413729723040319,0,1,0,0
0.6466275659824046,0.7514265335235376,0.3157894736842105,0.5793650793650793,0.04728444317678329,-0.40172978279795146,-0.36269172340393574,-1.3837911451346117,0.9068871339950095,0.5969089840636475,0,0,1,1
0.6466275659824046,0.5549215406562052,0.3157894736842105,0.017669961066187456,-0.02144662269847208,-0.4723527213471912,-0.3732844186486342,-0.8787368291799191,0.556309769847204,0.3609511366043542,0,0,0,0
0.3713343108504399,0.07239657631954366,0.3157894736842105,0.21188978736148578,-0.39153362862090585,-1.220125011868552,0.12457225785219374,-2.1922248865890532,-2.1231029418538783,0.09610049149698298,1,0,0,0
0.14772727272727249,0.35235378031383735,0.7017543859649122,0.39682539682539697,-0.41468536908659515,-0.23832768968402504,-0.034318170818283276,0.5849982201065522,-0.44176252196134264,-0.02428616537000378,0,0,1,1
0.11656891495601163,0.22646219686162616,0.9298245614035088,0.3963761605271039,-0.41716151377408306,-0.25632961519657543,-0.06609625655237868,1.1551935693970061,-1.3289378924578297,-2.653530751344995,0,0,1,1
0.6466275659824046,0.6472895863052782,0.9298245614035088,0.5805630428271942,-0.014878256044612506,-0.05830843455851191,-0.27795016144634804,0.10046260100571906,0.7852582525559749,0.6258017817117254,0,0,1,1
0.6466275659824046,0.5274607703281028,0.7543859649122806,0.1933213536987124,0.5532100708895352,-1.0484143377488322,-1.1889219524904162,-1.2655026065246848,1.1036397363228594,0.9532534883899292,1,0,0,1
0.6466275659824046,0.7838801711840228,0.8771929824561404,0.023959269242288084,0.13974381322497756,-0.33526113475160846,0.07160878162870139,-0.5424954282501611,0.47760872891606443,0.8232358989735821,1,0,0,1
0.6466275659824046,0.05884450784593431,0.631578947368421,0.9474393530997307,0.40086240210047663,0.010929740489762228,-0.8075849236812713,-0.3544899537390525,0.5205365694239585,0.37539753542839144,1,0,0,0
0.3713343108504399,0.4090584878744651,0.0,0.031296795447739,-0.40735780712760955,0.11340223956120787,0.5906508486189262,0.798681211561198,-1.3182059323308561,-0.1109645583142341,1,0,0,1
0.10520527859237516,0.32810271041369476,0.8245614035087718,0.05720275531596308,-0.4184792219889942,2.11438549845633,2.423187125951761,1.2997716883509405,-0.16630887870235325,-0.5299101242113485,0,0,1,0
0.07331378299120228,0.1305278174037091,0.5614035087719298,0.6256364180892484,-0.4163301152790989,2.129617896966951,2.9104511072078907,0.9112280125571899,-0.5562367633157286,0.206856215814611,0,0,1,1
0.34604105571847477,0.5303138373751782,0.7543859649122806,0.9582210242587601,-0.33835173204392394,-0.23694292618305948,-0.044910866062981745,0.7553412936326624,-0.5848553236543248,0.4765223271966607,1,0,0,1
0.2382697947214074,0.23823109843081325,0.38596491228070173,0.026954177897574372,-0.4050653558496137,-0.07354083306913302,0.28346268652267076,1.1328532552798423,-1.890577139102783,-0.32766054067481076,1,0,0,1
0.6466275659824046,0.8177603423680456,0.3684210526315789,0.5772686433063792,-0.030139674395068955,0.11478700306217343,-0.5109894568297143,-0.47916143923959775,0.6886706114132127,0.5102305911194172,0,0,0,1
0.6466275659824046,0.11091298145506412,0.3333333333333333,0.9543276430068881,0.2843487517133663,0.0330859565052093,-0.32032094242514186,0.0838931703787033,0.4954953291276872,0.40429033307646933,1,0,0,0
0.29692082111436946,0.26818830242510694,0.9473684210526316,0.578616352201258,-0.3979883814319004,0.15494514459017272,-0.4156551996274281,0.11576418601747504,0.5813510101434763,0.4091057993511479,1,0,0,1
0.6466275659824046,0.2389443651925819,0.3157894736842105,0.7610062893081759,0.6359804099457366,0.2657262246674117,-0.754621447457779,-0.9004213610822933,1.1036397363228594,0.7654503036774296,1,0,0,1
0.281524926686217,0.796005706134094,0.9824561403508771,0.388439652590596,-0.35093419968832024,-0.6648348479813934,-0.6275091045213974,-0.18381170263649432,0.7566396922173791,-0.5106482591126301,0,0,1,0
0.6466275659824046,0.7417974322396576,0.456140350877193,0.38814016172506727,0.08867916900942396,0.5648351408759553,-0.6486944950107943,-0.7020982463918293,0.7459077320904052,0.4717068609219822,1,0,0,1
0.6466275659824046,0.5509985734664763,0.6491228070175439,0.9519317160826593,1.5750954460820894,-2.30577959662549,-0.48980406634031737,-3.1433859838579115,1.1036397363228594,1.0158545499607619,0,0,0,1
0.6466275659824046,0.25927246790299574,0.3157894736842105,0.9492362982929021,0.1182017791684785,0.005390686485900006,-0.6804725807448898,-0.5508748676613608,0.8102994928522473,0.6739564444585191,0,0,1,1
0.29692082111436946,0.28851640513552057,0.5789473684210527,0.7668463611859841,-0.39980938835258734,-0.21617147366857614,-0.3415063329145388,-0.08988911654052542,0.6528974109899672,0.4379985969992258,0,1,0,1
0.04508797653958929,0.3751783166904422,0.8245614035087718,0.20425277029050615,-0.41458662060634804,-0.5665166394128444,-0.4156551996274281,0.7388447276961788,-1.8118760981716429,-3.3469578948988383,0,0,1,1
0.2056451612903225,0.3338088445078461,0.456140350877193,0.5837076969152439,-0.4161315565069891,-0.5748252204186368,-0.05550356130768021,0.643377410160928,-1.708133816944231,-1.3292775258081406,0,0,0,1
0.4204545454545452,0.4764621968616264,0.7719298245614035,0.9580712788259957,-0.41064199045453936,0.6936181464657447,-0.05550356130768021,0.679926338931865,0.7208664917941338,0.6450636468104428,0,0,1,0
0.1315982404692082,0.16405135520684733,0.7894736842105263,0.4076070679844268,-0.41520247134337324,0.3501967982263051,0.7283558868000064,0.7380723619765378,-1.28958737199226,0.31761194013223903,0,1,0,1
0.29692082111436946,0.8955064194008558,0.2982456140350877,0.7671458520515124,-0.40410016909106883,-0.6329852874591875,-0.32032094242514186,-0.6472165614829978,0.8138768128945717,0.726926573479993,1,0,0,1
0.07331378299120228,0.37125534950071326,1.0,0.7866127583108715,-0.4116517733009378,0.37373777774271777,1.0567294393856588,0.6423427315553711,0.9462376544605794,0.40429033307646933,1,0,0,0
0.16129032258064502,0.0552781740370899,0.8070175438596492,0.3993710691823902,-0.41754058052083837,0.45128453379678524,0.14575764834159066,0.8891791572021548,0.044753003794794986,-0.88143916226295,1,0,0,1
0.6466275659824046,0.32239657631954366,0.5614035087719298,0.5714285714285718,1.5418819787473452,-2.984313712098577,-0.9241045713729545,-3.4098958759483815,1.1036397363228594,1.1651340044758247,0,0,1,1
0.7008797653958942,0.8437945791726104,0.3333333333333333,0.40101826894279724,-0.11180466755947133,-0.26602295970333434,0.2622772960332738,0.32302051176718327,0.8532273333601414,0.726926573479993,1,0,0,1
0.1092375366568914,0.6315977175463622,0.6491228070175439,0.22207247678945818,-0.4149402038743298,0.6174561539126427,0.8448755344916895,0.8419191189229884,-1.3718657329657242,-1.362985789730897,0,0,1,1
0.04765395894428148,0.5410128388017118,0.631578947368421,0.01931716082659496,-0.4201919241248938,-0.08738846807878675,-0.2567647709569511,-0.006109295366634785,-1.3468244926694524,-2.5668523584007645,1,0,0,1
0.4534457478005862,0.36233951497860206,0.3333333333333333,0.3935309973045824,-0.4114978106166814,-0.019535056531478176,-0.2673574662016496,0.4206154782659736,0.19142312553010105,-0.21690481635718276,0,0,0,1
0.9233870967741933,0.7913694721825962,0.631578947368421,0.019616651692123455,-0.41467050372397724,-0.4003450192969859,-0.23557938046755414,0.07551373096750358,0.534845849593257,0.6932183095572365,0,0,1,1
0.6466275659824046,0.6280313837375179,0.8596491228070176,0.37780772686433095,0.5693358038950583,0.12032605706603565,-1.3795904668949885,-1.3781076992731023,0.9462376544605794,0.9147297581924926,0,0,0,1
0.6466275659824046,0.11055634807417991,0.5438596491228069,0.7595088349805328,0.587889900065369,0.6022237554020236,-0.8605483999047637,-0.6772076681060395,0.8925778538257112,0.6643255119091603,0,0,0,0
0.4534457478005862,0.20292439372325244,0.5964912280701755,0.9555256064690025,-0.41337296992976197,-0.580364274422499,-0.23557938046755414,0.26595288614238666,-1.1643811705109008,-0.31321414185077184,1,0,0,1
0.785557184750733,0.5156918687589157,0.6666666666666667,0.7648996705600479,-0.38772384854427344,0.19094899561527534,-0.4792113710956189,-0.06593120629354748,1.0607118958149653,0.9243606907418513,1,0,0,0
0.1315982404692082,0.7300285306704707,0.6140350877192982,0.39817310572027576,-0.407504337130557,-0.998562851714075,0.06101608638400293,-0.4930931680693489,0.692247931455537,0.5680161864155713,0,0,1,1
0.6466275659824046,0.37018544935805975,0.8245614035087718,0.0,1.0893378681953005,0.06908980753031192,-1.6232224575230534,-1.0860223008058403,1.1036397363228594,1.0206700162354403,0,0,1,1
0.17338709677419328,0.4004992867332383,0.8771929824561404,0.95612458820006,-0.4183093321305045,0.023392611998452224,-0.1932085994887603,0.8110827818897736,-1.0964120897067344,-1.2714919305119865,1,0,0,0
0.03885630498533721,0.3562767475035663,0.2982456140350877,0.9749925127283616,-0.4180194575594563,1.376306552441729,1.1414710013432465,1.4547694580509754,-1.2538141715690145,-1.7819313556280105,1,0,0,1
0.34604105571847477,0.33666191155492153,0.4912280701754385,0.210542078466607,-0.369933194925551,0.4734407498122341,0.029238000649907527,1.3137617089331173,0.47760872891606443,0.14907062051845688,1,0,0,1
0.08907624633431066,0.8844507845934378,0.3157894736842105,0.39562743336328254,-0.4100633031240587,-0.18016762264347533,-0.11905973277587101,0.26739560701492365,0.016134443456198237,0.14425515424377836,0,0,1,0
0.1286656891495599,0.594151212553495,0.894736842105263,0.2512728361784966,-0.35734435641146123,3.3385164333098176,2.9104511072078907,1.1843394456098746,0.6350108107783445,0.8617596291710187,0,0,1,1
0.07331378299120228,0.8309557774607702,0.42105263157894735,0.02875112309074579,-0.41345685304739116,-0.954250419683179,0.41057502945905233,-0.12591341953963095,0.7387530920057565,0.3946594005271106,1,0,0,1
0.7008797653958942,0.48716119828815974,0.9473684210526316,0.4384546271338723,-0.26098707592254305,2.8829292414921732,2.9104511072078907,1.6279688274459467,0.8854232137410625,0.7798967025014668,0,0,1,1
0.6466275659824046,0.2553495007132668,0.9649122807017545,0.9999999999999998,0.17976667845031352,0.5399093978585772,2.9104511072078907,0.9324899292544775,0.9891654949684745,1.1217948080037097,0,1,0,0
0.17118768328445744,0.16975748930099865,0.7894736842105263,0.9490865528601378,-0.4040460166986752,-0.4529660323336752,-0.6910652759895882,-0.28041570934404714,0.8675366135294398,-1.4255868513017298,0,0,0,0
0.6466275659824046,0.6840228245363768,0.5263157894736843,0.7532195268044324,0.8781435378602429,-0.6316005239582219,-1.3054416001820994,-0.6913288451311743,-0.3380202407339317,0.7750812362267884,0,0,1,0
0.06304985337243396,0.23181169757489306,0.3333333333333333,0.9676549865229107,-0.41646071810781293,0.44713024329388856,0.6224289343530217,0.19046506675105712,-0.39525736141112416,0.12017782287038067,0,0,1,0
0.9233870967741933,0.43616262482168333,0.6842105263157894,0.012728361784965614,-0.3811491110207205,-0.94178754817449,-0.7228433617236837,-2.1217064390920175,0.9462376544605794,0.9388070895658903,1,0,0,0
0.34604105571847477,0.7681883024251069,0.9298245614035088,0.5864031147050015,-0.3830762991029635,0.37927683174658,0.1351649530968922,0.49020125772419726,0.6493200909476429,-0.01947069909532527,0,0,1,0
0.785557184750733,0.6041369472182597,0.456140350877193,0.01587301587301626,-0.36446061785895023,-0.1967847846550602,-0.5003967615850158,-0.5550864467741203,1.0285160154340443,0.948438022115249,0,0,1,1
0.350073313782991,0.48858773181169746,0.6491228070175439,0.7684935609463912,-0.4084132478734771,-0.5831338014244302,-0.22498668522285567,-0.5638302096379809,0.14134064493755724,0.5198615236687759,0,0,1,1
0.37939882697947214,0.10485021398002858,0.2982456140350877,0.023360287511231093,-0.41254794230447106,-0.3158744457380925,0.029238000649907527,0.7413221271742727,-2.194649342700369,-0.7610525053959633,0,0,1,1
0.4934017595307916,0.30385164051355196,0.7192982456140351,0.03204552261156035,-0.40854703613703774,0.5329855803537493,0.6436143248424187,1.2407367160817753,-1.3611337728387507,-1.1173970097222434,0,0,0,1
0.6466275659824046,0.5709700427960057,0.9298245614035088,0.18912848158131212,3.9873403105455942,-1.0553381552536591,-1.4855174193419733,-2.002456086567066,0.5813510101434763,0.9532534883899292,0,0,1,1
0.33834310850439864,0.569543509272468,0.9122807017543859,0.7725366876310276,-0.40327301784254693,-0.8628560286194579,0.06101608638400293,-0.7961665618688625,-1.443412133812215,0.38502846797775186,1,0,0,1
0.21810850439882667,0.1772467902995719,0.3157894736842105,0.22596585804132974,-0.4157726641809295,0.7379305784966407,1.1202856108538497,0.9835389314413168,-1.4863399743201098,-0.6069575846062201,0,0,1,1
0.2382697947214074,0.13124108416547797,0.631578947368421,0.04192872117400448,-0.39871890782340624,1.9357510068317825,1.3427322109925175,1.0650162283943907,-0.6206285240775703,-0.31321414185077184,1,0,0,0
0.6466275659824046,0.7803138373751782,0.7192982456140351,0.7637017070979335,1.0696412627266465,0.5039055468334745,-0.5639529330532066,-1.4043389878646841,1.1036397363228594,1.1169793417290312,0,0,1,0
0.2536656891495601,0.2321683309557775,0.38596491228070173,0.952830188679245,-0.3921314285604666,-0.8102350155827694,-0.42624789487212655,-0.03901498961096338,0.18426848544545235,-0.4962018602885921,1,0,0,1
0.37939882697947214,0.12482168330955778,0.736842105263158,0.3986223420185684,-0.40153164679302705,-0.06661701556430524,0.09279417211809833,0.6368924527035646,-2.2518864633775615,-0.7128978426491679,0,1,0,0
0.5344574780058648,0.897289586305278,0.7543859649122806,0.775381850853549,-0.41922567555473345,-0.11369897459713049,0.2622772960332738,0.8551513467236308,-1.4398348137698902,-0.01947069909532527,0,0,0,0
0.6466275659824046,0.6019971469329529,0.9824561403508771,0.1871817909553759,1.4979654503277475,0.19510328611817201,-1.6232224575230534,-2.1409718632687236,1.1036397363228594,0.9628844209392879,1,0,0,1
0.7008797653958942,0.8630527817403707,0.7894736842105263,0.9481880802635521,-0.13198227368997464,-0.9639437641899379,-0.754621447457779,-1.4910333966598615,0.921196414164308,1.0206700162354403,0,0,1,0
0.281524926686217,0.12482168330955778,0.5614035087719298,0.952680443246481,-0.34020140787823094,0.27957385967706544,-0.436840590116825,0.08830877062495288,0.9033098139526853,-0.33247600694949014,0,0,1,1
0.4934017595307916,0.3584165477888731,0.7543859649122806,0.773734651093142,-0.4135025109468603,-0.2300191086782317,0.14575764834159066,0.5431447418648729,-1.8154534182139672,-0.9055164936363469,0,0,1,1
0.23643695014662724,0.5060627674750356,0.8596491228070176,0.9630128781072178,-0.4072537495892846,-0.171859041637682,0.29405538176736923,1.128175342147677,-2.2375771832082636,-0.9873794203058979,0,0,1,0
0.7008797653958942,0.04671897289586302,0.5438596491228069,0.3957771787960469,-0.24637867171565656,-0.23694292618305948,-0.10846703753117254,-0.2985152984722385,1.0070520951800972,1.073640145256916,0,0,1,1
0.027859237536656645,0.3994293865905848,0.8245614035087718,0.6037735849056605,-0.4208863489214707,1.3236855394050397,1.3639176014819143,0.9167657290376349,-1.6902472167326081,-2.417572903885701,0,1,0,0
0.33834310850439864,0.6280313837375179,0.7719298245614035,0.21308775082359976,-0.39259331661323554,-0.5083565723722938,0.20931381980978148,0.18959069046467109,-0.9497419679714283,0.6402481805357626,0,0,1,0
0.05755131964809368,0.4482881597717544,0.5087719298245614,0.39967056004791846,-0.4186204429338637,-0.18155238614443908,0.1669430388309876,0.7645805363921417,-1.0999894097490588,-1.2137063352158333,0,0,1,1
0.6466275659824046,0.6772467902995719,0.42105263157894735,0.19631626235399824,0.25655052361798264,-0.18155238614443908,-0.9770680475964468,-1.464175471729703,1.0106294152224216,0.6643255119091603,0,1,0,0
1.0,0.3216833095577746,0.7719298245614035,0.7583108715184188,-0.41105078792653027,-0.4294250528172608,-0.9452899618623515,-0.971755893113289,1.0607118958149653,0.9243606907418513,1,0,0,0
0.350073313782991,0.8569900142653352,0.9824561403508771,0.017220724767894602,-0.3986934243446328,-0.2784858312120243,-0.4050625043827296,-0.6444185573665624,0.9390830143759307,0.6209863154370452,1,0,0,1
0.02895894428152479,0.06490727532097018,0.47368421052631576,0.2162324049116504,-0.41920019207596004,0.8944088541057393,0.43176041994844927,0.6721006711687099,-1.239504891399716,-2.407941971336342,0,1,0,1
0.6466275659824046,0.2421540656205422,0.9649122807017545,0.7623539982030547,2.620427745369459,-1.5760092316166807,-0.6592871902554929,-1.0774096943849376,1.1036397363228594,0.9821462860380055,0,1,0,1
0.6466275659824046,0.6422967189728958,0.7543859649122806,0.5709793351302788,0.4484687258841483,-0.49450893736263823,-0.9558826571070499,-0.6871609848327341,0.39890768798492493,0.4909687260206997,0,0,0,1
0.281524926686217,0.6997146932952923,0.3508771929824561,0.7672955974842768,-0.33180778705722225,-0.4543507958346408,-0.3097282471804434,0.11572046720315575,0.7172891717518084,-0.1109645583142341,1,0,0,1
0.6466275659824046,0.738231098430813,0.3157894736842105,0.7535190176699611,9.025317882897273,0.9345669956337387,-1.2842562096927024,-0.46388900010405465,0.8138768128945717,1.0688246789822358,1,0,0,1
0.33834310850439864,0.8170470756062768,0.7719298245614035,0.7641509433962266,-0.4033961879899519,-1.0027171422169716,-0.5321748473191112,-0.5027550260339149,0.1556499251068556,0.6835873770078778,0,1,0,1
0.37939882697947214,0.8498573466476461,0.7543859649122806,0.5832584606169509,-0.4054210627408265,-0.4598898498385012,-0.08728164704177561,0.620191865633591,-1.8476492985948882,-0.7514215728466037,0,0,1,0
0.1638563049853372,0.1383737517831668,0.6842105263157894,0.022461814914645162,-0.4113523424253495,0.08986126004479525,-0.034318170818283276,0.43491153054838566,-0.581278003612,-1.5556044407180751,1,0,0,0
0.4204545454545452,0.7275320970042797,0.42105263157894735,0.3971248876909257,-0.4156282578012132,0.4152806827716826,-0.013132780328886342,0.627507480563021,-0.0017521567554244775,0.5969089840636475,0,0,1,1
0.6466275659824046,0.032453637660485035,0.3684210526315789,0.1951182988918838,0.20122270576595216,0.15494514459017272,-1.0618096095540346,-0.8652277155552546,0.9605469346298777,1.0158545499607619,1,0,0,1
0.23643695014662724,0.011412268188302432,0.7192982456140351,0.388439652590596,-0.39793422903950676,-0.3643411682718833,-0.6275091045213974,-1.0874795946164837,0.5849283301858007,-0.9392247575591033,0,0,1,0
0.785557184750733,0.6676176890156919,0.5087719298245614,0.19976040730757716,-0.3186275194732651,-0.7423816040354608,-0.7334360569683821,-0.6852810758170041,1.046402615645667,0.7365575060293517,0,0,1,1
0.06304985337243396,0.7132667617689016,0.736842105263158,0.2264150943396228,-0.41884129974990036,0.9761099006627035,1.152063696587945,0.9743288345580503,-0.8352677266170428,-1.1222124759969236,0,1,0,0
0.05315249266862154,0.7211126961483595,0.8771929824561404,0.5816112608565438,-0.4109605339392076,-0.49450893736263823,-0.20380129473345876,0.7830153030967811,-1.7761028977483975,-3.3421424286241592,0,0,1,1
0.6466275659824046,0.07275320970042787,0.38596491228070173,0.7511230907457322,1.710359627788389,-2.6658181068765154,-1.4537393336078779,-2.618119002749595,0.7888355725982993,1.1458721393771074,1,0,0,0
0.23643695014662724,0.5024964336661911,0.3157894736842105,0.20530098831985621,-0.40407680923552647,-0.8462388666078721,-0.3415063329145388,0.3066988210879769,-1.264546131695988,-0.6502967810783352,1,0,0,1
0.785557184750733,0.4668330955777461,0.47368421052631576,0.0106319257262657,-0.32870623532816895,-0.9085532241513185,-0.8711410951494621,-0.6227777442785075,0.9140417740796583,0.7606348374027494,0,1,0,0
0.03152492668621698,0.38587731811697557,0.736842105263158,0.9724468403713684,-0.4207578697159878,0.7240829434869851,0.9613951821833726,0.913851141416348,-1.0248656888602434,-2.2875553144693552,0,1,0,1
0.1092375366568914,0.45863052781740377,0.3508771929824561,0.598682240191674,-0.41391661747692904,0.6770009844541599,1.0037659631621665,0.457106115284485,-1.0034017686062964,0.03349942992615034,0,0,1,1
0.17118768328445744,0.11269614835948649,0.43859649122807015,0.5882000598981734,-0.4088464670126259,0.6493057144348505,0.2622772960332738,0.292606789939055,-0.9211234076328315,-2.0949366634821764,0,0,1,1
0.23643695014662724,0.7189728958630527,0.631578947368421,0.3935309973045824,-0.4022781003587663,-0.7022234625074616,-0.2673574662016496,-0.060772386203869745,-1.2824327319076108,-0.659927713627694,0,0,0,1
0.14772727272727249,0.796005706134094,0.9298245614035088,0.4034141958670261,-0.41618889433422934,0.4665169323074063,0.43176041994844927,0.6708473984915565,-0.46680376225761505,-0.4191543998937205,1,0,0,0
0.21041055718475077,0.8223965763195434,0.5087719298245614,0.594189877208745,-0.37471877987688385,0.5994542284000924,0.6859851058212125,0.9523819897697603,-0.09476247785586238,0.10091595777166149,0,0,1,0
0.6466275659824046,0.14229671897289575,0.3333333333333333,0.7578616352201257,0.6207911947851382,0.6936181464657447,-0.9770680475964468,-1.458404588239555,1.0607118958149653,1.112163875454351,1,0,0,0
0.6466275659824046,0.004279600570613495,1.0,0.9469901168014376,0.6642734422539716,-0.1497028256222331,-0.8393630094153668,-0.9707212145077322,0.9855881749261491,0.7654503036774296,0,0,1,1
0.6466275659824046,0.6504992867332381,0.5789473684210527,0.2075471698113207,0.8570134867105814,-0.8933208256406983,-0.18261590424406182,0.08342683635929739,0.660052051074616,0.8424977640723013,0,0,0,1
0.19794721407624616,0.16405135520684733,0.6140350877192982,0.7744833782569633,-0.4073811669831519,0.2684957516693428,0.198721124565083,1.0689072028688087,-2.008628700499493,-1.7434076254305748,0,0,1,0
0.6466275659824046,0.023537803138373836,0.42105263157894735,0.7678945792153338,0.2998777465909441,-0.2937182297226436,-0.2673574662016496,-0.16104877331424397,0.545577809720231,0.5487543213168538,1,0,0,1
0.34604105571847477,0.9008559201141227,0.5789473684210527,0.39502845163222555,-0.3717924270643981,-0.24940579769174948,-0.16143051375466488,0.31859033858282726,-0.37021612111485175,-0.09170269321551663,0,0,1,0
0.19794721407624616,0.9964336661911554,0.8771929824561404,0.614854746930219,-0.3831039062049681,2.722296675380178,2.147777049589601,1.003008376751513,-2.1731854224464215,-2.4801739654565336,0,0,1,1
0.08907624633431066,0.9999999999999999,0.38596491228070173,0.05480682839173423,-0.4135853322528741,2.11438549845633,2.2537040020365855,1.3920766783170953,-1.1536492103839269,0.16351701934249582,1,0,0,1
0.6466275659824046,0.14907275320970037,0.38596491228070173,0.00449236298292921,1.0996905314470191,-1.9568191943821884,-1.3054416001820994,-2.4913344412236165,1.1036397363228594,1.0158545499607619,1,0,0,1
0.34604105571847477,0.366262482168331,0.42105263157894735,0.2005091344713985,-0.14244005629163373,-1.828036188792399,-0.6804725807448898,-0.03480341049820387,-1.1214533300030063,0.6017244503383277,0,1,0,1
0.19794721407624616,0.8965763195435091,0.8245614035087718,0.4007187780772685,-0.3995460590719282,0.20064234012203241,0.24109190554387688,1.4492754603848497,-2.1552988222347986,-1.7096993615078184,0,0,1,0
0.2536656891495601,0.673323823109843,0.42105263157894735,0.9583707696915245,-0.3966855385796072,-0.2909487027207125,-0.034318170818283276,-0.01072891674637445,-0.910391447505858,-0.8236535669667959,0,0,1,0
0.6466275659824046,0.041369472182596345,0.456140350877193,0.21383647798742156,0.18626284191431497,1.0633500012235297,0.2622772960332738,0.9859580391669849,0.2808561265882146,0.10091595777166149,0,0,1,0
0.281524926686217,0.6112696148359485,0.2982456140350877,0.5729260257562145,-0.3207936151690093,-0.3408001887554707,-0.8181776189259699,-0.6201400424812429,0.7029798915825111,-0.2987677430267337,1,0,0,0
0.785557184750733,0.658345221112696,0.9473684210526316,0.3980233602875114,-0.35962618957330156,0.10924794905831121,0.05042339113930446,0.10304201105055792,1.0285160154340443,0.7076647083812755,0,0,0,0
0.6466275659824046,0.861626248216833,0.7543859649122806,0.4384546271338723,0.27201474798701125,1.0010356436800816,2.9104511072078907,1.083917329118436,1.014206735264746,1.1940268021239027,0,0,1,1
0.6466275659824046,0.15442225392296727,0.3333333333333333,0.7629529799341122,0.09497358826646886,0.26434146116644613,-0.616916409276699,-1.1052877249825463,0.8746912536140885,0.6258017817117254,0,1,0,1
0.29692082111436946,0.8059914407988585,0.6666666666666667,0.7669961066187481,-0.39428584432843966,-0.08877323157975231,-0.33091363766984033,-0.17209506039892117,0.7888355725982993,0.630617247986404,1,0,0,0
0.7008797653958942,0.061340941512125435,0.5087719298245614,0.012578616352201477,-0.19345267173802477,-0.9210160956600075,-0.7334360569683821,-0.7304426110088439,1.1036397363228594,0.9917772185873641,1,0,0,1
0.7008797653958942,0.5274607703281028,0.9473684210526316,0.6126085654387541,-0.2923572382926735,0.8999479081096016,1.988886620919124,0.756769441567093,1.0106294152224216,0.909914291917814,0,0,1,0
0.06561583577712593,0.9222539229671897,0.9122807017543859,0.7708894878706196,-0.42111463841881625,0.22141379263651575,-0.05550356130768021,0.906768693496621,-1.332515212500154,-1.6615446987610238,1,0,0,0
0.7008797653958942,0.8281027104136948,0.5964912280701755,0.19976040730757716,-0.04692691603708641,-0.19540002115409463,-0.7334360569683821,-0.252727126941822,0.4811860489583888,0.9628844209392879,0,0,1,1
0.6466275659824046,0.1469329529243938,0.9473684210526316,0.003593890386343279,1.1089389106185543,0.2324919006442402,-1.3689977716502901,-0.6475371661213394,0.8639592934871154,0.7510039048533906,1,0,0,0
0.33834310850439864,0.01747503566333808,0.9122807017543859,0.765348906858341,-0.3937814838110482,-0.691145354499738,-0.4474332853615235,-0.3406602354760464,0.05190764387944366,0.40429033307646933,0,1,0,1
0.027492668621700744,0.6119828815977174,0.2982456140350877,0.6256364180892484,-0.4206846047145141,2.257016139055775,2.9104511072078907,1.6800525082383428,-1.5865049355051968,-1.0933196783488466,1,0,0,0
0.21041055718475077,0.24358059914407992,0.43859649122807015,0.2388439652590597,-0.36119342351786937,2.8303082284554857,2.0312574018979177,1.4035164347306461,0.14849528502220694,-0.08688722694083727,0,0,1,0
0.49230205278592365,0.6173323823109843,0.8070175438596492,0.7701407607067983,-0.4105251911768276,-0.47373748484815675,-0.10846703753117254,-0.5470713308155815,0.8818458936987382,0.46207592837262174,0,1,0,0
0.7008797653958942,0.3384450784593437,0.5789473684210527,0.3984725965858045,-0.27096810510881525,0.30034531219154875,0.08220147687339986,0.3837459448566949,1.1036397363228594,0.9821462860380055,1,0,0,1
0.33834310850439864,0.09914407988587748,0.5087719298245614,0.7696915244085056,-0.39688834459817934,-0.3795735667825044,-0.14024512326526795,0.02204562105499623,-0.1376903183637565,0.57764711896493,1,0,0,0
0.29692082111436946,0.13195435092724683,0.9473684210526316,0.7684935609463912,-0.40835060098815895,-0.2300191086782317,-0.22498668522285567,-0.10580276495275165,0.5741963700588267,0.7365575060293517,0,0,0,1
0.6466275659824046,0.7667617689015692,0.9473684210526316,0.7505241090146748,1.0300781619308483,-0.4958937008636038,-1.4961101145866718,-2.803064160258352,0.6707840112015899,0.9773308197633253,1,0,0,1
0.21810850439882667,0.5877318116975748,0.5614035087719298,0.2261156034740941,-0.4111622781461642,1.348611282422418,1.1308783060985481,0.5917746363260442,-0.7207934852626574,-0.5106482591126301,0,0,1,0
0.16129032258064502,0.408345221112696,0.5438596491228069,0.02351003294399523,-0.4185078909026143,-0.17462856863961312,0.03983069589460599,0.5293295965399732,-0.8030718462361217,-0.7899453030440394,0,0,1,1
0.2056451612903225,0.5438659058487875,0.9298245614035088,0.20769691524408507,-0.40867020628444284,-0.5651318759118789,-0.17202320899936335,0.7320828844147933,-1.2931646920345843,-1.2859383293360254,0,0,1,1
0.2536656891495601,0.3195435092724678,0.5789473684210527,0.3980233602875114,-0.3900555868520451,0.026162139000383337,0.05042339113930446,0.8806685613479972,-1.4398348137698902,-0.7658679716706427,0,1,0,0
0.17118768328445744,0.1647646219686164,0.2982456140350877,0.7672955974842768,-0.41131199358395826,-0.5069718088713282,-0.3097282471804434,0.25728198796905827,-0.785185246024499,-1.6278364348382675,1,0,0,1
0.49230205278592365,0.7143366619115549,0.3508771929824561,0.7809224318658281,-0.4148318990895426,0.4831340943189912,0.6542070200871171,0.17887958095644188,0.5706190500165024,0.17314795189185456,1,0,0,1
0.10190615835777117,0.7360912981455062,0.40350877192982454,0.206049715483678,-0.41745351196836233,-0.20647812916181907,-0.2885428566910465,0.2294476761857688,-1.3217832523731805,-1.030718616778013,0,0,1,1
0.10190615835777117,0.050641940085592085,0.8771929824561404,0.7717879604672058,-0.4151387626464396,0.05524217252065818,0.008052610160510593,0.49009924715745223,-1.8583812587218618,-0.7128978426491679,0,0,0,1
0.785557184750733,0.8915834522111269,0.9649122807017545,0.016771488469601747,-0.3872577132450422,-0.6523719764727043,-0.436840590116825,-0.33669639631109627,0.9390830143759307,0.5535697875915323,0,0,1,0
0.6466275659824046,0.4575606276747505,0.9473684210526316,0.19392033542976983,0.5112791301910363,-1.008256196220833,-1.1465511715116223,-0.7445783609720852,0.05190764387944366,0.7798967025014668,0,1,0,1
0.6466275659824046,0.49607703281027093,0.8421052631578947,0.4047619047619049,0.061469184549061036,-3.783322252155661,0.5270946771507354,1.1429377284494948,0.6707840112015899,1.0832710778062746,0,0,1,0
0.10667155425219943,0.6633380884450782,0.7192982456140351,0.20545073375262057,-0.4176287108849299,-0.700838699006496,-0.33091363766984033,0.23585976895259989,-1.3611337728387507,-1.3581703234562168,0,1,0,1
0.6466275659824046,0.6776034236804566,0.9824561403508771,0.5708295896975144,0.29101692865908857,0.6313037889222983,-0.9664753523517484,-0.698163553103092,0.8389180531908431,0.7124801746559557,1,0,0,1
0.07331378299120228,0.24179743223965755,0.9824561403508771,0.9793351302785263,-0.41496462554148766,-0.20647812916181907,1.448659163439502,0.1815172827537065,-0.24858723967581814,0.5728316526902498,1,0,0,1
0.7008797653958942,0.24393723252496435,0.8596491228070176,0.5684336627732851,-0.12712236192555249,-1.9249696338599824,-1.135958476266924,-2.2507935248388122,1.02493869539172,1.155503071926466,0,0,1,0
0.21041055718475077,0.36768901569186874,0.7719298245614035,0.9722970949386045,-0.3753696703972227,0.35850537923209846,0.9508024869386742,1.6292366730612065,-1.708133816944231,0.1538860867931371,0,0,1,1
0.2536656891495601,0.594151212553495,0.8596491228070176,0.9625636418089247,-0.38606105155430515,0.16879277959982647,0.2622772960332738,1.1580644382039735,-1.0391749690295418,-0.5395410567607072,0,0,1,1
0.6466275659824046,0.8791012838801712,0.6666666666666667,0.9474393530997307,0.24539619259651568,0.0663202805283808,-0.8075849236812713,-0.6927715660037114,0.9748562147991761,0.7943431013255058,0,1,0,1
0.6466275659824046,0.6815263908701855,0.8771929824561404,0.19811320754716966,0.4794258435358257,0.0760136250351397,-0.8499557046600652,-0.47627599749452376,0.6063922504397478,0.7702657699521082,1,0,0,0
0.10813782991202325,0.30385164051355196,0.43859649122807015,0.02455825097334552,-0.4162685302053964,0.9885727721713935,0.11397956260749527,0.8734549569853123,0.6135468905243975,0.1827788844412133,0,0,1,0
0.3713343108504399,0.25320970042796,0.8596491228070176,0.21293800539083585,-0.39788963295165325,0.0455488280138993,0.198721124565083,-0.06517341351201289,-0.5955872837812983,-0.3613688045975672,1,0,0,0
0.7008797653958942,0.4778887303851641,0.43859649122807015,0.20245582509733473,-0.2940731258634199,-0.5789795109215335,-0.5427675425638097,-0.15618141198669494,0.9104644540373339,0.5680161864155713,0,1,0,0
0.6466275659824046,0.6105563480741797,0.8596491228070176,0.5801138065289011,0.006524680690247986,-0.08877323157975231,-0.3097282471804434,0.09563895849248931,0.7709489723866766,0.2887191424841611,0,0,0,0
0.6466275659824046,0.5492154065620541,0.894736842105263,0.9362084456424082,1.977107941849592,-1.7906475742663308,-1.6020370670336563,-2.524633604796819,0.7280211318787825,1.0062236174114032,1,0,0,0
0.27162756598240434,0.11804564907275317,0.9122807017543859,0.3882899071578316,-0.3998486753823631,-0.9168618051571108,-0.6381017997660959,-2.2479080830937384,1.1036397363228594,-1.1077660771728846,0,0,1,1
0.3713343108504399,0.4932239657631955,0.5789473684210527,0.3960766696615756,-0.40375401850439596,-0.46127461333946673,-0.08728164704177561,-0.6891137585389964,0.8210314529792203,-0.014655232820645046,0,1,0,0
0.6466275659824046,0.5955777460770327,1.0,0.9407008086253368,2.3321246555123705,-1.3696794699728239,-1.2842562096927024,-2.1370371699799864,0.713711851709484,1.0351164150594794,0,0,0,1
0.6466275659824046,0.43544935805991425,0.5438596491228069,0.9408505540581011,2.167883634817414,-2.2725452726023185,-1.273663514448004,-2.303562133722211,1.1036397363228594,1.044747347608838,0,0,1,0
0.5344574780058648,0.6936519258202566,1.0,0.7722371967654984,-0.41781558972926863,0.20618139412589465,0.03983069589460599,0.5889912051477152,-0.5562367633157286,-0.03873256419404274,0,0,1,1
0.785557184750733,0.11697574893009988,0.4912280701754385,0.949386043725666,-0.39476153593221086,-0.831006468097251,-0.6698798855001913,-0.8484688367328551,0.9605469346298777,0.8617596291710187,0,1,0,0
0.03702346041055704,0.12303851640513541,0.3333333333333333,0.03848457622042556,-0.42039048289700376,1.1658225002949756,1.0991002203644527,1.2471925276629257,-1.9764328201185717,-1.883056147396279,0,1,0,0
0.281524926686217,0.03459343794579173,0.7543859649122806,0.023809523809523947,-0.31037087235066374,-0.4958937008636038,0.06101608638400293,1.2082536370425332,-1.4255255336005923,-0.3758152034216053,0,0,1,0
0.08137829912023453,0.6244650499286734,0.3333333333333333,0.2490266546870321,-0.4185514251788523,2.1600826939881914,2.7515606785374134,1.4213537109729217,-1.2860100519499351,-0.7177133089238472,0,0,1,1
0.6466275659824046,0.8195435092724678,1.0,0.18867924528301905,1.1892543412195788,-0.19540002115409463,-1.5172955050760686,-1.861579493892166,1.1036397363228594,0.9002833593684536,1,0,0,1
0.10813782991202325,0.529957203994294,0.3508771929824561,0.5837076969152439,-0.4181033406770856,0.15494514459017272,-0.05550356130768021,0.6816167997522115,0.169959205276154,0.3465047377803152,1,0,0,1
0.7008797653958942,0.14621968616262493,0.9649122807017545,0.3926325247079967,-0.194075955156359,-0.8088502520818038,-0.33091363766984033,-0.5486452081310763,1.0499799356879913,1.0110390836860816,1,0,0,1
0.350073313782991,0.22396576319543493,0.3508771929824561,0.5825097334531295,-0.40830706671192096,-0.1621656971309231,-0.14024512326526795,-0.24372105119204562,0.11987672468361017,0.45726046209794324,1,0,0,1
0.1315982404692082,0.11233951497860206,0.43859649122807015,0.22117400419287203,-0.41522583119891565,0.7850125375294678,0.7813193630234987,0.9322276163685617,0.18784580548777668,0.3320583389562763,0,1,0,0
0.6466275659824046,0.7261055634807417,0.631578947368421,0.9430967355495661,1.1729236785722528,-1.3696794699728239,-1.1147730857775269,-1.5896484688261023,1.0070520951800972,0.7702657699521082,1,0,0,0
0.281524926686217,0.7328815977175464,0.5614035087719298,0.5715783168613358,-0.33302887041511725,-0.9611742371880068,-0.913511876128256,-0.39412834538855374,0.5920829702704494,-0.39026160224564344,1,0,0,1
0.4934017595307916,0.9226105563480741,0.40350877192982454,0.02979934112009608,-0.41657433195067795,0.3543510887292018,0.4847238961719416,0.44353870990739475,-0.6492470844161665,-1.127027942271603,1,0,0,1
0.12976539589442804,0.6080599144079885,0.9122807017543859,0.9534291704103024,-0.42083432015230815,-0.5609775854089822,-0.3838771138933327,-0.573666942859824,-0.7708759658552011,-1.6952529626837802,0,1,0,1
0.4534457478005862,0.6340941512125534,0.8771929824561404,0.9568733153638813,-0.4162833955680143,-0.08461894107685565,-0.14024512326526795,-0.02757523319741247,-0.5526594432734038,-0.7032669100998091,0,0,0,0
0.1638563049853372,0.0531383737517831,0.8421052631578947,0.960017969451932,-0.4124545028823018,0.4332826082842348,0.08220147687339986,0.8480980446801166,-0.9640512481407262,-1.141474341095641,1,0,0,1
0.6466275659824046,0.15335235378031398,0.5087719298245614,0.021263851452530957,1.0996905314470191,-0.08877323157975231,-0.11905973277587101,0.11373854762068068,0.6743613312439143,0.7750812362267884,0,0,0,0
0.7008797653958942,0.9329529243937232,0.5614035087719298,0.2512728361784966,-0.26689711937475485,1.6560287796367548,2.9104511072078907,1.315597899134528,0.774526292429002,0.8232358989735821,0,0,1,1
0.03885630498533721,0.2920827389443653,0.3684210526315789,0.783318358790057,-0.41732397095126395,1.1270491222679417,0.8236901440022926,0.9052239620573389,-1.1643811705109008,-1.8108241532760876,0,1,0,0
0.17338709677419328,0.21504992867332373,0.2982456140350877,0.5787660976340223,-0.41574718070215605,-0.4501965053317441,-0.4050625043827296,0.14961712123872187,-0.3809480812418258,-0.5684338544087842,0,0,1,0
0.4534457478005862,0.11554921540656193,0.9473684210526316,0.2075471698113207,-0.41303319021278245,-0.2120171831656813,-0.18261590424406182,0.5919495115833213,-0.8352677266170428,-0.2120893500825034,0,0,0,0
0.350073313782991,0.06918687589158357,0.5438596491228069,0.5849056603773588,-0.4115710756181551,0.5842218298894712,0.029238000649907527,0.6723921299308385,0.44541284853514335,0.5150460573940974,0,0,1,1
0.6466275659824046,0.2635520684736091,0.6666666666666667,0.9435459718478587,0.42637242616432663,-1.0705705537642802,-1.0829950000434314,-1.5980133352991956,1.1036397363228594,1.044747347608838,0,0,0,0
0.1286656891495599,0.8573466476462196,0.3684210526315789,0.9982030548068284,-0.36704931457768764,2.9147788020143794,2.783338764271509,0.8995988079482553,0.7995675327252733,0.6402481805357626,0,1,0,0
0.6466275659824046,0.0442225392296719,0.5438596491228069,0.3797544174902667,0.9370847006400268,-0.6080595444418083,-1.2418854287139085,-1.496250508501965,0.9820108548838248,0.9388070895658903,0,0,0,0
0.1315982404692082,0.7995720399429386,0.5614035087719298,0.9589697514225815,-0.4133092612328283,-0.6011357269369815,0.008052610160510593,0.4519764410710202,-0.016061436924722852,0.5005996585700584,0,0,1,1
0.05718475073313778,0.14871611982881594,0.6491228070175439,0.4086552860137769,-0.42046374789847746,0.6022237554020236,0.8025047535128956,0.7783373899646158,-1.1822677707225235,-4.06446236982608,0,0,1,1
